Income,TotalSpending,Age,TotalChildren,Cluster
58138.0,1617,69,0,3
46344.0,27,72,2,0
71613.0,776,61,0,1
26646.0,53,42,1,2
58293.0,422,45,1,2
62513.0,716,59,1,1
55635.0,590,55,1,1
33454.0,169,41,1,2
30351.0,46,52,1,2
5648.0,49,76,2,0
51381.5,19,43,1,2
7500.0,61,50,0,2
63033.0,1102,67,0,1
59354.0,310,74,2,0
17323.0,46,39,0,2
82800.0,1315,80,0,1
41850.0,96,46,2,0
37760.0,317,80,0,1
76995.0,1782,77,1,1
33812.0,133,41,1,2
37040.0,316,44,0,2
2447.0,1730,47,1,2
58607.0,972,77,1,1
65324.0,544,72,1,1
40689.0,444,75,1,1
18589.0,75,57,0,2
53359.0,257,50,2,0
51381.5,637,40,1,2
38360.0,131,37,1,2
84618.0,1672,61,0,3
10979.0,30,37,0,2
38620.0,318,63,0,2
40548.0,120,56,1,2
46610.0,302,74,2,0
68657.0,1196,80,0,1
49389.0,65,75,2,0
67353.0,913,56,1,1
23718.0,81,50,1,2
42429.0,67,53,1,2
48948.0,902,83,0,1
80011.0,1395,46,1,3
20559.0,53,41,1,2
21994.0,22,69,1,2
51381.5,186,67,0,1
7500.0,31,51,1,2
79941.0,984,50,0,3
7500.0,122,30,0,2
41728.0,55,58,1,2
51381.5,124,75,3,0
72550.0,1319,72,2,1
65486.0,507,69,1,1
79143.0,1693,62,0,3
35790.0,72,49,1,2
82582.0,1617,49,0,3
66373.0,606,48,2,0
82384.0,1957,71,0,3
70287.0,1093,60,0,3
27938.0,29,38,1,2
51381.5,46,44,1,2
55954.0,518,58,1,1
75777.0,1438,44,0,3
66653.0,612,51,2,0
61823.0,884,74,1,1
67680.0,606,75,1,1
70666.0,1076,78,0,1
25721.0,34,55,1,2
32474.0,11,59,2,0
88194.0,1274,47,1,3
69096.0,653,68,1,1
74854.0,1562,56,3,0
66991.0,1253,72,0,1
51381.5,109,53,1,2
65031.0,863,67,1,1
60631.0,661,51,2,0
28332.0,65,74,0,1
40246.0,13,49,1,2
75251.0,1890,54,0,3
75825.0,2209,50,0,3
26326.0,18,50,0,2
56046.0,692,61,0,1
29760.0,165,41,1,2
26304.0,16,57,1,2
23559.0,79,53,1,2
38620.0,318,63,0,2
81361.0,778,39,0,3
29440.0,56,66,2,0
36138.0,151,56,2,0
50388.0,372,69,1,1
79593.0,1366,53,0,3
54178.0,194,59,1,1
51381.5,603,69,3,0
51381.5,18,69,2,0
51381.5,985,53,0,3
42394.0,32,54,1,2
23626.0,43,56,1,2
30096.0,45,43,1,2
47916.0,606,66,1,1
51813.0,63,54,2,0
78497.0,978,75,0,1
50150.0,410,43,0,2
47823.0,72,66,1,1
34554.0,55,67,1,2
85693.0,1169,47,1,3
65846.0,1120,81,0,1
87195.0,1097,67,0,3
24594.0,29,47,1,2
49096.0,187,62,2,0
52413.0,910,57,2,0
38557.0,145,48,1,2
89058.0,850,66,0,3
77298.0,969,47,1,3
68126.0,1820,35,0,3
57288.0,608,63,1,1
86037.0,730,35,0,3
43974.0,551,46,1,2
50785.0,114,64,2,0
90765.0,1724,56,0,3
36550.0,577,48,1,2
30753.0,81,59,2,0
21918.0,33,57,1,2
56129.0,660,73,1,1
32557.0,80,59,1,2
19510.0,30,41,2,2
30992.0,43,50,1,2
101970.0,1135,43,0,3
71488.0,559,61,0,1
79607.0,1923,42,0,3
54348.0,90,73,2,0
51381.5,404,65,1,1
77376.0,661,70,2,1
62998.0,463,74,1,1
61331.0,632,68,2,0
73448.0,725,57,0,3
51381.5,725,63,1,1
41551.0,279,62,2,0
62981.0,1482,59,0,3
9548.0,29,50,1,2
33762.0,106,67,3,0
35860.0,49,53,2,0
36921.0,38,61,2,0
92859.0,2077,34,0,3
65104.0,1053,50,1,3
86111.0,1385,64,0,3
68352.0,871,52,1,3
41883.0,312,38,1,2
59809.0,877,50,2,0
23957.0,68,51,1,2
38547.0,22,45,1,2
35688.0,211,53,3,0
49605.0,127,60,0,2
59354.0,459,73,2,0
65747.0,460,57,1,1
46344.0,429,54,1,2
34176.0,89,38,1,2
61010.0,1021,74,1,1
69372.0,1381,77,0,1
49967.0,306,68,1,1
60199.0,18,48,3,0
55375.0,162,49,1,2
80317.0,1231,71,0,1
30523.0,13,68,3,0
70356.0,1706,81,0,1
23228.0,121,42,1,2
74165.0,1293,51,0,3
157243.0,1608,53,1,3
43482.0,88,60,3,0
62551.0,421,73,0,1
52332.0,259,67,0,1
66951.0,1117,38,0,3
26091.0,89,69,2,0
33456.0,36,61,2,0
28718.0,57,44,1,2
50447.0,148,56,2,0
53537.0,93,67,2,0
52074.0,119,59,1,2
80427.0,1835,51,1,3
83837.0,1318,78,0,1
38853.0,45,56,2,0
38285.0,10,67,3,0
78497.0,978,75,0,1
51650.0,191,50,1,2
16248.0,57,38,1,2
66835.0,1033,80,0,1
30477.0,66,42,1,2
28249.0,43,65,0,2
25271.0,50,43,1,2
32303.0,39,56,1,2
61286.0,608,60,1,1
74068.0,1581,50,0,3
45759.0,68,62,2,0
24882.0,80,48,1,2
66973.0,1282,37,0,3
38872.0,91,38,1,2
51148.0,315,53,2,0
31353.0,31,49,2,0
69661.0,834,46,0,3
80067.0,1600,72,0,3
86718.0,1270,72,0,3
46854.0,263,53,2,0
69142.0,535,74,1,1
75922.0,1295,58,0,3
63693.0,1150,48,1,3
102160.0,1240,49,0,3
40637.0,38,61,2,0
18890.0,35,42,0,2
29604.0,53,38,1,2
48721.0,293,63,2,0
44794.0,65,60,1,2
64497.0,1804,72,1,1
46097.0,241,70,1,1
77972.0,1101,72,0,1
44377.0,264,58,2,0
46014.0,541,52,2,0
70951.0,1198,41,0,3
41443.0,482,49,1,2
52195.0,17,48,3,0
83790.0,1615,78,0,1
44551.0,285,72,1,1
69508.0,1135,46,1,3
45204.0,114,38,1,2
72460.0,1047,57,0,3
77622.0,714,56,2,0
30732.0,185,46,1,2
63887.0,1245,64,1,1
42011.0,189,48,1,2
51369.0,576,50,1,2
51537.0,1103,74,1,1
79930.0,1753,54,0,3
34320.0,17,40,1,2
37070.0,433,60,2,0
81975.0,1588,64,1,3
38590.0,22,55,1,2
15033.0,19,75,0,2
62745.0,1117,61,1,1
22212.0,69,51,1,2
23661.0,23,44,1,2
79761.0,605,68,1,1
7500.0,57,53,1,2
73455.0,2088,58,0,3
64961.0,1009,68,1,1
22804.0,26,55,1,2
73687.0,1627,36,0,3
61074.0,1102,68,1,1
31686.0,17,62,2,0
80134.0,1690,54,1,3
75027.0,1390,73,1,1
67546.0,2126,38,0,3
65176.0,1531,57,1,3
31160.0,64,51,1,2
29938.0,26,41,1,2
102692.0,1112,52,0,3
26490.0,210,68,0,2
75702.0,1148,59,2,1
30899.0,33,52,1,2
63342.0,1101,65,1,1
45989.0,322,62,1,1
18701.0,44,62,2,0
40737.0,17,69,3,0
15287.0,31,47,1,2
69674.0,845,58,2,0
44159.0,275,56,1,2
37717.0,25,48,1,2
43776.0,275,74,2,0
38179.0,90,60,2,0
80124.0,1495,63,0,3
38097.0,184,56,2,0
72940.0,981,56,0,3
22070.0,67,56,1,2
69267.0,1635,73,0,3
31788.0,60,43,1,2
61905.0,231,51,1,2
29315.0,48,66,2,0
33378.0,99,63,2,0
66313.0,770,63,1,1
60714.0,957,70,0,1
77882.0,818,45,0,3
69867.0,925,40,0,3
63841.0,908,58,1,1
24480.0,102,45,1,2
51369.0,576,50,1,2
37760.0,317,80,0,1
65640.0,461,52,1,1
44319.0,37,51,2,0
30631.0,70,52,1,2
75278.0,930,74,0,1
50898.0,859,70,2,0
79946.0,1478,60,0,3
35416.0,390,77,0,1
32414.0,52,42,0,2
38361.0,137,57,1,2
82497.0,1919,46,0,3
16626.0,68,55,2,0
29672.0,25,61,2,0
55951.0,1374,74,1,1
35388.0,32,38,1,2
42386.0,100,40,1,2
68627.0,825,44,0,3
57912.0,916,61,1,1
35246.0,62,68,2,0
58821.0,728,70,1,1
46377.0,90,48,1,2
39747.0,273,38,1,2
23976.0,66,42,1,2
80950.0,1213,65,0,3
27038.0,107,60,0,2
77457.0,1157,79,0,1
64100.0,546,62,1,1
42670.0,241,34,0,2
12571.0,53,50,1,2
22574.0,37,59,3,0
51381.5,1611,37,0,3
70893.0,1508,50,0,3
54198.0,235,60,2,0
28839.0,32,70,2,0
40321.0,102,54,2,0
66503.0,401,41,1,2
30833.0,28,75,2,0
51381.5,1052,56,3,0
64795.0,680,55,1,1
34421.0,30,52,1,2
47025.0,20,61,2,0
64325.0,1307,65,1,1
40464.0,630,73,1,1
62187.0,1283,69,0,1
14849.0,65,50,1,2
27255.0,37,42,1,2
54432.0,38,76,3,0
29999.0,160,40,1,2
24072.0,23,43,1,2
33996.0,71,37,0,2
66334.0,1161,70,1,1
35178.0,59,55,1,2
22010.0,33,43,1,2
62204.0,946,66,2,0
75693.0,1442,58,0,3
30675.0,62,54,1,2
83003.0,1674,61,0,3
68655.0,1538,38,0,3
41411.0,139,40,0,2
55212.0,1182,57,1,1
59292.0,507,76,1,1
27190.0,18,53,1,2
82623.0,940,74,0,1
44300.0,42,61,2,0
84835.0,1190,56,0,3
30372.0,44,55,2,0
33181.0,16,50,1,2
71113.0,835,69,1,1
71952.0,1443,40,1,3
69759.0,1029,60,0,3
72099.0,1188,52,0,3
60000.0,1277,50,1,3
38643.0,49,48,2,0
50737.0,99,71,1,1
68462.0,1670,57,0,3
65073.0,900,83,0,1
46681.0,425,78,2,0
78618.0,2153,69,0,3
62187.0,636,57,1,1
28442.0,57,48,2,0
37717.0,25,48,1,2
51479.0,494,59,2,0
54803.0,693,57,1,1
79530.0,1348,66,0,3
31615.0,51,50,1,2
72025.0,1932,64,0,3
52614.0,990,51,1,1
35684.0,30,42,1,2
48178.0,254,51,2,0
29548.0,29,56,1,2
63810.0,1371,60,1,1
38578.0,73,54,2,0
46098.0,120,51,2,0
22585.0,81,56,0,2
30279.0,37,37,1,2
66426.0,1377,65,1,1
30822.0,51,57,1,2
33581.0,17,57,2,0
19986.0,22,41,1,2
27421.0,324,72,0,1
35688.0,211,53,3,0
36143.0,19,45,1,2
10245.0,41,55,1,2
43795.0,492,58,1,2
63381.0,1005,66,1,1
38823.0,114,77,1,1
83664.0,1173,58,2,1
90300.0,1738,47,0,3
62499.0,222,47,1,2
74293.0,1127,33,0,3
51012.0,209,80,0,1
70777.0,787,58,1,1
68682.0,1598,35,0,3
43824.0,186,55,2,0
15345.0,47,42,1,2
23442.0,27,39,1,2
14515.0,96,46,1,2
31395.0,64,70,2,0
75276.0,1040,61,0,3
42373.0,163,52,2,0
30507.0,343,66,0,2
55521.0,446,71,3,0
48006.0,41,61,2,0
27213.0,70,54,1,2
65808.0,272,55,2,0
30351.0,46,52,1,2
50437.0,490,63,2,0
23616.0,79,44,1,2
53858.0,915,50,1,2
66465.0,1485,71,1,1
46923.0,369,39,1,2
75072.0,1073,64,1,1
75865.0,1242,83,0,1
19789.0,78,51,1,2
80134.0,1378,32,0,3
91065.0,1474,45,0,3
49505.0,751,55,2,0
37401.0,48,53,1,2
30096.0,45,43,1,2
18492.0,10,44,1,2
82584.0,1435,52,0,3
93027.0,2119,85,0,3
48686.0,20,73,3,0
92910.0,1795,40,0,3
75433.0,1188,37,1,3
10404.0,43,37,1,2
61314.0,1008,58,1,1
84865.0,1688,65,0,3
42387.0,684,37,1,2
67309.0,1082,59,2,0
75236.0,1068,62,1,1
30015.0,57,56,1,2
50943.0,46,70,1,1
67272.0,733,60,1,1
51529.0,467,77,1,1
32011.0,122,55,1,2
7500.0,36,40,1,2
28691.0,34,37,1,2
56223.0,156,78,1,1
18100.0,14,80,0,1
30279.0,37,37,1,2
20130.0,34,52,0,2
23295.0,20,67,0,2
42618.0,192,54,1,2
81246.0,1379,62,0,3
24027.0,48,50,1,2
55707.0,428,73,1,1
57959.0,868,71,1,1
56796.0,1001,57,1,1
36230.0,59,55,1,2
70829.0,431,46,2,0
65991.0,971,50,1,3
38988.0,348,54,3,0
89572.0,2059,60,0,3
42207.0,265,42,1,2
50300.0,270,74,1,1
66664.0,1289,44,0,3
60597.0,893,62,1,1
70165.0,926,77,0,1
50520.0,135,68,1,1
80124.0,1495,63,0,3
33183.0,120,51,1,2
66582.0,1288,57,0,3
75261.0,1743,71,0,3
31880.0,15,56,1,2
53790.0,542,75,2,0
49269.0,890,55,1,1
61456.0,1388,51,1,3
37406.0,17,46,1,2
56937.0,906,45,1,2
38415.0,44,48,2,0
20518.0,25,38,1,2
62503.0,973,70,1,1
41644.0,31,54,2,0
55842.0,518,49,1,2
62010.0,530,54,1,1
41124.0,506,49,1,2
38961.0,70,53,1,2
37760.0,54,54,1,2
32233.0,296,52,1,2
43057.0,266,51,1,2
83151.0,747,66,0,1
78825.0,895,62,0,3
65104.0,1053,50,1,3
60093.0,735,52,1,1
14045.0,20,57,1,2
28457.0,205,74,0,1
78952.0,2092,68,1,3
46310.0,309,50,1,2
76005.0,1722,71,0,3
58308.0,900,62,1,1
55614.0,682,82,0,1
59432.0,663,64,1,1
55563.0,43,48,1,2
78642.0,1816,55,1,3
67911.0,976,77,1,1
65275.0,746,82,0,1
27203.0,64,76,2,0
48330.0,32,65,1,1
24279.0,263,36,0,2
64355.0,1445,41,1,3
50943.0,46,70,1,1
53653.0,1210,73,0,1
65665.0,945,50,1,3
81217.0,1157,37,0,3
34935.0,137,34,0,2
61250.0,730,67,1,1
39665.0,216,45,1,2
60152.0,943,47,1,3
48920.0,347,62,2,0
89120.0,1924,67,0,3
44124.0,397,80,1,1
81169.0,2089,51,0,3
36443.0,138,65,2,0
26095.0,42,36,1,2
71367.0,777,67,0,1
80184.0,1902,82,0,1
30630.0,52,61,2,0
73454.0,1651,39,0,3
42691.0,358,35,0,2
70503.0,1727,73,0,3
25545.0,210,39,1,2
32880.0,42,40,1,2
77863.0,1291,68,0,3
50353.0,442,49,0,2
61839.0,1895,62,0,3
49154.0,411,66,2,0
47682.0,521,51,1,2
72679.0,1168,57,1,3
57954.0,493,49,2,0
65316.0,260,64,2,0
28567.0,46,44,1,2
47352.0,319,75,1,1
44931.0,96,59,1,2
76982.0,1062,59,0,3
57247.0,232,74,1,1
22944.0,76,45,1,2
25315.0,54,49,1,2
43638.0,201,57,1,2
42710.0,406,42,1,2
84169.0,1919,44,0,3
54058.0,662,50,1,2
24683.0,41,36,1,2
85620.0,1600,62,0,3
47850.0,134,46,1,2
19514.0,69,58,2,0
27159.0,21,53,2,0
39548.0,54,63,2,0
21474.0,91,37,1,2
60504.0,526,55,1,1
22419.0,162,63,0,2
81698.0,1008,77,0,1
43462.0,240,74,2,0
54880.0,795,48,1,2
79908.0,1772,44,0,3
15315.0,64,56,0,2
87771.0,1957,67,1,3
33039.0,78,48,1,2
81741.0,1572,46,0,3
71499.0,795,55,1,1
62466.0,889,56,1,1
48799.0,331,63,1,1
52157.0,265,76,1,1
66565.0,1065,64,1,1
29298.0,11,75,2,0
47691.0,21,47,1,2
38200.0,17,56,2,0
44989.0,369,52,1,2
38443.0,38,58,2,0
38593.0,177,48,1,2
64413.0,279,56,1,1
36959.0,62,45,1,2
61996.0,1230,49,1,3
51287.0,182,58,2,0
13260.0,49,56,2,0
47472.0,75,60,2,0
54603.0,227,70,2,0
45207.0,215,52,2,0
40689.0,444,75,1,1
47821.0,47,59,2,0
27450.0,143,75,0,1
39453.0,55,43,1,2
26850.0,63,55,2,0
79800.0,1867,71,0,3
61794.0,611,65,1,1
53863.0,473,71,1,1
24221.0,55,67,0,2
39684.0,81,42,1,2
92163.0,2086,51,0,3
69882.0,1478,61,0,3
33178.0,49,49,1,2
59973.0,382,54,0,1
17459.0,69,51,1,2
23910.0,67,57,1,2
42169.0,30,57,2,0
26224.0,63,48,1,2
31089.0,79,45,1,2
30081.0,42,65,1,2
62807.0,819,66,1,1
72906.0,1151,71,0,1
61467.0,594,78,2,0
49618.0,129,60,2,0
21888.0,213,40,1,2
42429.0,67,53,1,2
26150.0,28,70,3,0
30801.0,45,51,1,2
81168.0,1193,61,0,3
26877.0,268,57,0,2
45006.0,266,82,0,1
18978.0,37,53,1,2
22574.0,37,59,3,0
48240.0,882,57,0,1
45837.0,373,52,2,0
35791.0,35,61,3,0
162397.0,107,50,2,3
54162.0,42,48,2,0
30522.0,326,66,1,2
54456.0,404,65,1,1
31632.0,95,55,0,2
72298.0,939,77,0,1
36975.0,33,48,1,2
72635.0,981,71,0,1
13624.0,36,50,1,2
84196.0,1237,51,1,3
70971.0,1825,66,1,3
34487.0,103,49,2,0
28769.0,191,49,1,2
69084.0,1586,56,1,3
65488.0,963,68,0,1
62466.0,889,56,1,1
32218.0,93,66,0,2
83917.0,1587,53,0,3
46102.0,16,64,3,0
84574.0,1375,74,0,1
56181.0,393,64,1,1
63120.0,1477,76,1,1
73691.0,1179,55,1,3
63381.0,1005,66,1,1
76140.0,1348,78,0,1
62859.0,1307,67,1,1
45906.0,486,62,1,1
77632.0,2252,79,0,3
46463.0,235,55,2,0
105471.0,1724,56,0,3
55282.0,235,56,1,2
78710.0,1092,49,1,3
66886.0,599,68,1,1
98777.0,2008,66,0,3
29103.0,48,41,1,2
67445.0,1174,52,1,3
50616.0,67,76,1,1
49431.0,365,71,1,1
153924.0,6,51,0,3
61278.0,165,73,1,1
26490.0,210,68,0,2
73059.0,1095,79,1,1
46734.0,223,60,3,0
56253.0,597,63,1,1
19986.0,22,41,1,2
58330.0,1064,51,1,3
25965.0,74,46,0,2
14661.0,26,70,0,2
18690.0,60,67,0,2
45068.0,20,52,1,2
21063.0,59,39,1,2
29187.0,34,58,1,2
54690.0,198,55,2,0
59304.0,1048,62,1,1
59247.0,574,64,2,0
66731.0,1029,56,1,1
77353.0,670,46,1,3
52614.0,990,51,1,1
26751.0,11,52,2,0
81300.0,1241,63,1,1
70337.0,576,47,0,3
36145.0,172,41,1,2
65295.0,664,46,0,3
68118.0,928,63,1,1
68743.0,2074,59,0,3
41039.0,467,44,0,2
38946.0,257,71,1,1
65777.0,1146,59,0,3
66476.0,689,50,1,1
86857.0,2114,54,0,3
160803.0,1717,44,0,3
77845.0,1346,37,0,3
69476.0,1044,57,0,3
50611.0,493,66,1,1
61209.0,957,56,0,3
42315.0,270,68,1,1
13084.0,29,74,0,2
47570.0,121,77,2,0
61923.0,126,65,2,0
34824.0,23,31,0,2
26518.0,57,77,2,0
45938.0,636,65,0,1
78468.0,1004,66,0,1
78901.0,734,53,1,3
71427.0,614,48,2,0
71022.0,1453,48,1,3
90247.0,1621,38,0,3
41335.0,187,58,1,2
71952.0,1443,40,1,3
35682.0,57,56,1,2
43185.0,637,75,1,1
66375.0,948,78,1,1
35178.0,59,55,1,2
25252.0,18,40,1,2
55250.0,903,61,1,1
33249.0,112,51,1,2
58398.0,596,73,0,1
50272.0,233,44,1,2
76618.0,1511,51,0,3
87305.0,1152,66,0,3
25851.0,48,48,1,2
58710.0,1185,56,1,1
45160.0,21,68,2,0
74806.0,965,61,1,1
59111.0,869,72,0,1
18988.0,16,42,1,2
72190.0,1947,61,0,3
7500.0,71,50,1,2
44794.0,65,60,1,2
80395.0,1380,71,0,3
75012.0,1027,50,0,3
56962.0,411,61,3,0
89891.0,836,35,0,3
35946.0,11,77,2,0
53593.0,480,73,2,0
66373.0,606,48,2,0
45072.0,284,78,3,0
89694.0,1472,53,2,3
72025.0,1677,77,0,1
67432.0,1335,53,1,3
70545.0,334,74,1,1
17487.0,18,37,1,2
62882.0,1338,57,1,3
64108.0,1099,73,1,1
34941.0,97,70,2,0
48767.0,63,76,3,0
38702.0,109,48,1,2
82224.0,902,62,0,3
83844.0,1574,74,0,3
17003.0,38,51,1,2
71163.0,960,31,0,3
33697.0,28,56,1,2
63564.0,1215,72,0,1
83443.0,1497,54,0,3
51518.0,449,68,1,1
58330.0,1064,51,1,3
80952.0,1757,57,0,3
75507.0,1440,47,0,3
63855.0,1006,48,0,3
62220.0,1226,54,1,3
58512.0,1171,62,1,1
40662.0,92,47,1,2
38829.0,99,67,1,1
35523.0,66,45,1,2
79146.0,564,59,2,0
78285.0,1427,38,0,3
31626.0,86,48,1,2
75127.0,833,74,0,1
48726.0,242,71,1,1
74985.0,1869,49,0,3
67430.0,1364,39,0,3
46891.0,183,61,1,2
62058.0,450,70,1,1
72063.0,758,47,1,3
78939.0,1507,75,0,1
42720.0,654,61,2,0
33622.0,81,54,2,0
6835.0,137,69,1,2
41452.0,16,73,2,0
40760.0,93,61,1,2
74250.0,1158,68,0,1
51124.0,43,71,2,0
72258.0,1525,55,1,3
71466.0,1230,52,0,3
36283.0,29,50,2,0
20587.0,25,56,1,2
30467.0,24,54,1,2
31590.0,38,54,1,2
20425.0,57,40,1,2
17144.0,47,66,2,0
42564.0,813,58,1,1
43783.0,629,48,1,2
40780.0,377,50,1,2
62847.0,1612,81,0,1
82017.0,729,69,0,1
16813.0,50,76,0,2
51267.0,270,48,2,0
46524.0,177,65,1,1
45183.0,315,64,0,1
70421.0,767,72,1,1
60161.0,1071,61,1,1
73926.0,1580,53,0,3
19329.0,60,58,1,2
61872.0,573,56,1,1
46984.0,41,70,2,0
34838.0,170,75,2,0
82716.0,1167,82,0,1
48192.0,1526,68,0,1
49681.0,458,50,2,0
56850.0,63,55,1,2
55267.0,405,69,1,1
59666.0,1027,54,2,0
72504.0,1478,54,1,3
26872.0,72,45,0,2
21359.0,48,54,1,2
73170.0,726,51,0,3
52750.0,860,71,1,1
91820.0,1497,40,0,3
65968.0,495,56,1,1
30772.0,20,50,2,0
22507.0,570,72,0,1
65685.0,769,54,1,1
25804.0,55,48,1,2
76412.0,1808,46,0,3
22063.0,55,54,1,2
57091.0,577,65,0,1
22419.0,162,63,0,2
87771.0,1957,67,1,3
78353.0,1576,67,1,3
93404.0,1616,72,3,0
37859.0,36,64,3,0
80995.0,1482,68,1,1
16529.0,22,42,1,2
55412.0,63,50,2,0
48789.0,680,34,0,2
56575.0,542,59,2,0
25130.0,50,46,1,2
35441.0,39,59,2,0
71391.0,1043,70,1,1
49494.0,385,54,1,2
81702.0,1633,46,0,3
45889.0,46,46,1,2
56628.0,761,49,1,2
34026.0,76,76,2,0
40049.0,290,52,1,2
34176.0,89,38,1,2
19419.0,70,45,1,2
82504.0,1066,66,0,3
81205.0,2009,56,0,3
61618.0,1345,35,0,3
55284.0,764,70,1,1
49980.0,195,63,1,1
15072.0,53,46,2,2
49166.0,368,52,1,2
65324.0,544,72,1,1
82347.0,1853,69,0,3
30843.0,35,60,2,0
46374.0,446,52,1,2
60474.0,1180,47,1,3
38576.0,41,53,1,2
55357.0,727,41,2,0
37758.0,40,60,2,0
85710.0,1062,37,0,3
23228.0,40,57,1,2
44602.0,292,57,2,0
7500.0,15,39,0,2
38683.0,341,37,1,2
49514.0,369,51,1,2
57906.0,401,53,1,2
43456.0,393,60,1,2
19485.0,10,40,2,2
53172.0,486,48,1,2
30545.0,69,47,1,2
70123.0,1727,43,0,3
62450.0,995,67,1,1
21675.0,45,50,1,2
42395.0,182,45,2,0
61346.0,989,48,1,3
80812.0,1677,73,0,3
42835.0,595,55,2,0
39922.0,156,43,1,2
86424.0,1226,70,0,3
17117.0,128,48,1,2
24762.0,86,54,1,2
35797.0,68,51,1,2
36627.0,16,51,2,0
51111.0,55,45,2,0
86857.0,2114,54,0,3
82072.0,2018,56,0,3
46231.0,263,73,3,0
42243.0,55,67,2,0
51195.0,564,64,2,0
68092.0,1281,48,0,3
31814.0,83,53,1,2
51390.0,353,61,2,0
76630.0,1003,43,0,3
26868.0,14,35,1,2
48948.0,902,83,0,1
55260.0,1139,54,1,1
64090.0,797,70,1,1
78331.0,1638,68,1,3
37087.0,401,52,1,2
21846.0,84,40,1,2
81320.0,928,68,0,1
54137.0,203,56,1,2
66825.0,858,59,0,3
57100.0,409,53,0,2
58917.0,282,57,3,0
85072.0,1423,49,0,3
86429.0,1449,65,0,3
45684.0,28,55,1,2
47889.0,67,52,1,2
45921.0,199,40,0,2
78420.0,1453,60,0,3
75114.0,1253,34,0,3
52278.0,1198,63,1,1
35641.0,178,54,1,2
95529.0,1990,32,0,3
62820.0,976,72,0,1
73113.0,1001,66,0,1
84169.0,1919,44,0,3
42607.0,350,72,1,1
74637.0,1650,72,0,3
46015.0,46,71,2,0
72354.0,1228,33,0,3
39858.0,95,57,1,2
34469.0,62,78,2,0
83033.0,1761,40,1,3
24401.0,467,47,0,2
77583.0,1149,48,0,3
74116.0,2052,44,0,3
74293.0,1127,33,0,3
68397.0,1416,50,1,3
79632.0,1113,52,0,3
46107.0,125,37,1,2
64950.0,966,75,1,1
25443.0,32,37,1,2
75127.0,833,74,0,1
32892.0,46,55,1,2
71796.0,960,55,0,3
67536.0,1829,56,1,3
55239.0,779,55,1,1
60554.0,811,51,1,1
64831.0,1120,74,2,1
56067.0,725,64,1,1
82025.0,1187,43,0,3
94384.0,2302,73,0,3
14906.0,66,40,0,2
51563.0,1250,39,0,3
57937.0,683,44,1,2
68274.0,305,47,2,0
39771.0,50,49,1,2
67893.0,995,51,1,3
27922.0,41,47,1,2
52190.0,77,50,2,0
44051.0,171,53,2,0
42767.0,131,55,2,0
46106.0,54,50,2,0
16927.0,53,50,2,0
59754.0,475,61,1,1
53700.0,694,74,1,1
59041.0,96,53,2,0
54237.0,361,69,1,1
70647.0,1079,59,1,1
52597.0,578,64,1,1
41021.0,64,57,1,2
40233.0,149,51,1,2
50183.0,231,46,2,0
54753.0,728,67,1,1
92955.0,1778,53,0,3
33471.0,93,53,1,2
34596.0,23,52,1,2
44010.0,662,46,1,2
84219.0,1198,38,0,3
40706.0,81,58,3,0
15716.0,92,38,1,2
59052.0,491,67,1,1
80573.0,1564,55,0,3
83715.0,926,64,0,3
82576.0,1910,67,0,3
56962.0,411,61,3,0
35704.0,94,74,2,0
53103.0,1085,72,1,1
46779.0,23,66,2,0
4861.0,6,61,0,2
33462.0,54,47,1,2
63693.0,1150,48,1,3
80763.0,1415,76,0,1
65352.0,405,52,1,1
82170.0,1908,48,0,3
75759.0,2486,57,0,3
79689.0,1315,50,0,3
35340.0,45,70,2,0
85683.0,1789,72,0,3
24884.0,19,54,1,2
42021.0,573,45,1,2
64449.0,805,37,1,3
64587.0,108,72,2,0
34824.0,23,31,0,2
75437.0,1493,48,0,3
26091.0,89,69,2,0
52845.0,936,53,1,1
46086.0,343,70,1,1
78028.0,528,70,1,1
95169.0,1901,39,0,3
56337.0,724,45,2,0
22434.0,58,39,1,2
36930.0,297,72,1,1
36130.0,488,72,1,1
65569.0,859,73,1,1
83844.0,1574,74,0,3
19514.0,69,58,2,0
36736.0,17,63,2,0
77568.0,2194,47,1,3
49187.0,116,50,1,2
30168.0,279,48,1,2
34053.0,103,58,1,2
38196.0,44,55,2,0
59412.0,406,75,0,1
70924.0,1363,61,0,3
54165.0,236,57,0,2
32300.0,39,53,1,2
20180.0,137,50,0,2
34961.0,79,53,1,2
28440.0,63,52,1,2
64504.0,1314,73,3,0
33564.0,71,60,1,2
17345.0,58,48,1,2
56320.0,702,59,1,1
28647.0,94,48,1,2
15038.0,80,39,1,2
32173.0,22,68,1,2
68316.0,1211,62,1,1
74538.0,1461,55,0,3
91700.0,1968,55,0,3
68695.0,1091,57,0,3
31056.0,55,49,1,2
79593.0,1366,53,0,3
28071.0,313,46,0,2
37334.0,62,68,2,0
46423.0,92,54,2,0
37126.0,72,55,1,2
47703.0,655,73,1,1
61180.0,704,67,1,1
38998.0,54,72,2,0
8028.0,178,35,0,2
76081.0,1033,64,0,3
34728.0,36,40,1,2
33168.0,122,61,1,2
33585.0,122,60,1,2
77037.0,1123,66,1,1
35196.0,497,42,1,2
44529.0,691,60,1,1
70924.0,1363,61,0,3
28764.0,12,60,2,0
69098.0,2440,77,0,3
25959.0,56,56,2,0
27100.0,37,43,1,2
70596.0,968,41,0,3
42557.0,270,52,1,2
53312.0,278,75,0,1
72228.0,1250,74,0,1
67605.0,938,39,0,3
62845.0,1178,77,2,1
65196.0,1155,68,2,1
42000.0,653,39,0,2
35860.0,49,53,2,0
65526.0,506,62,1,1
16860.0,38,65,2,0
83528.0,1650,34,0,3
64176.0,1826,61,1,3
22304.0,18,70,0,2
67023.0,906,48,0,3
32892.0,46,55,1,2
70713.0,1477,60,1,3
59925.0,766,71,1,1
39722.0,47,73,1,1
46610.0,467,68,0,1
88347.0,2116,65,0,3
87171.0,1298,45,0,3
26907.0,22,50,2,0
50014.0,396,58,1,2
41014.0,20,48,1,2
66294.0,967,61,0,3
36715.0,357,55,1,2
79456.0,1401,70,0,3
40479.0,15,44,1,2
75345.0,2087,56,0,3
54233.0,981,49,1,3
24163.0,17,56,2,0
84460.0,523,68,0,1
43776.0,23,43,1,2
71691.0,1192,68,0,1
85844.0,1958,53,0,3
39190.0,133,52,1,2
71367.0,777,67,0,1
38578.0,73,54,2,0
57236.0,121,61,2,0
61825.0,424,47,1,2
79803.0,868,68,1,1
80910.0,756,40,0,3
27590.0,12,44,1,2
56775.0,937,47,1,3
83829.0,1862,51,0,3
54210.0,367,47,1,2
38508.0,443,40,1,2
53187.0,267,56,1,2
30023.0,61,54,1,2
76045.0,1323,66,0,3
50870.0,63,74,1,1
15315.0,64,56,0,2
65463.0,562,52,1,1
66480.0,312,61,2,0
76773.0,1156,72,0,1
81698.0,1104,43,0,3
54466.0,16,53,2,0
98777.0,2008,66,0,3
16269.0,44,42,1,2
71819.0,1574,55,1,3
33569.0,63,43,1,2
36262.0,426,43,0,2
22634.0,96,60,0,2
47025.0,635,48,1,2
70566.0,757,58,1,1
31605.0,125,47,1,2
52034.0,332,53,2,0
48526.0,135,47,1,2
46734.0,330,72,1,1
39552.0,384,64,2,0
86358.0,1722,60,2,3
46931.0,78,49,3,0
16581.0,24,41,0,2
63998.0,1168,74,0,1
67381.0,957,75,1,1
25930.0,15,59,2,0
42693.0,57,48,1,2
85606.0,1956,50,1,3
72903.0,2013,41,0,3
49669.0,326,52,1,2
36778.0,77,58,2,0
85696.0,1313,64,0,3
10979.0,30,37,0,2
49678.0,315,65,1,1
56129.0,660,73,1,1
37155.0,74,37,1,2
21282.0,46,48,1,2
33419.0,86,64,1,2
63285.0,1103,81,0,1
21255.0,61,52,1,2
42162.0,145,45,1,2
54450.0,684,70,2,0
57744.0,411,72,1,1
26576.0,27,40,1,2
57513.0,1060,83,0,1
68142.0,1459,62,1,3
7500.0,18,47,1,2
83145.0,1833,52,0,3
54197.0,237,66,1,1
23091.0,48,63,2,0
46049.0,515,50,2,0
56715.0,1020,52,0,3
79410.0,1370,65,0,3
57304.0,1026,75,1,1
44375.0,301,61,1,2
54450.0,684,70,2,0
59594.0,499,61,1,1
80685.0,1004,32,0,3
40344.0,218,52,1,2
62710.0,606,54,1,1
48985.0,75,58,1,2
35322.0,106,58,3,0
77142.0,990,78,0,1
81657.0,1097,57,0,3
14421.0,16,30,0,2
20130.0,34,52,0,2
74214.0,1711,36,0,3
66726.0,438,69,2,0
23724.0,75,47,1,2
47353.0,225,66,1,1
33444.0,18,74,2,0
54386.0,470,45,1,2
28510.0,91,45,2,0
90638.0,2525,35,0,3
48070.0,504,76,1,1
43140.0,235,69,1,1
54959.0,1232,65,1,1
15056.0,88,68,2,0
26954.0,17,55,1,2
22327.0,24,41,1,2
44393.0,60,61,2,0
62000.0,1020,74,1,1
31497.0,155,64,1,2
45894.0,51,52,2,0
78579.0,1812,56,0,3
67369.0,1461,57,1,3
58401.0,96,66,1,1
62307.0,160,74,1,1
43641.0,139,57,2,0
63841.0,908,58,1,1
46891.0,183,61,1,2
70091.0,1161,57,1,3
78075.0,988,54,0,3
59184.0,1072,65,1,1
54809.0,174,49,2,0
58113.0,758,67,1,1
51412.0,195,68,1,1
15287.0,31,47,1,2
66636.0,1084,69,0,1
50965.0,685,70,1,1
84618.0,1672,61,0,3
18351.0,43,36,0,2
40451.0,49,69,2,0
36317.0,133,61,1,2
42213.0,363,69,1,1
65748.0,545,71,1,1
77044.0,1065,54,1,3
74918.0,2047,57,0,3
56721.0,296,54,2,0
42160.0,140,51,2,0
61559.0,530,61,1,1
33629.0,152,63,2,0
68682.0,1598,35,0,3
34377.0,114,63,1,2
8940.0,101,40,1,2
26228.0,25,53,1,2
77297.0,789,69,0,1
40211.0,87,45,2,0
33438.0,90,68,2,0
75032.0,1215,67,1,1
61284.0,811,71,0,1
22518.0,61,40,1,2
54730.0,405,51,1,2
38452.0,72,71,2,0
44421.0,189,55,2,0
38197.0,40,40,1,2
41986.0,63,48,1,2
28427.0,52,43,1,2
37395.0,39,50,1,2
64722.0,805,55,1,1
55249.0,130,70,1,1
84906.0,1631,54,0,3
28691.0,34,37,1,2
44213.0,152,74,2,0
25707.0,21,42,1,2
59062.0,71,59,3,0
76624.0,899,64,1,1
66000.0,711,79,0,1
27683.0,351,48,1,2
1730.0,8,55,0,2
7500.0,119,34,1,2
40521.0,21,58,2,0
20427.0,10,53,1,2
65106.0,973,51,1,3
69969.0,1536,61,0,3
67433.0,992,74,2,1
77766.0,1529,59,1,3
74716.0,860,54,1,3
68118.0,928,63,1,1
55158.0,418,56,2,0
62972.0,587,71,1,1
74190.0,641,51,1,1
39356.0,23,50,2,0
76653.0,2279,57,0,3
35860.0,49,53,2,0
90687.0,1779,43,0,3
73450.0,1804,44,0,3
31454.0,48,66,2,0
47139.0,83,74,2,0
83829.0,1862,51,0,3
53378.0,793,63,2,0
19656.0,84,56,1,2
45579.0,183,78,1,1
85485.0,1383,68,0,3
55956.0,999,82,0,1
64191.0,825,63,1,1
38808.0,246,54,1,2
57183.0,610,60,2,0
23748.0,76,58,1,2
66303.0,1286,55,1,3
37368.0,30,51,1,2
40800.0,99,62,3,0
71847.0,1192,48,0,3
46149.0,362,51,1,2
78687.0,2130,43,0,3
49118.0,1229,55,0,3
37633.0,38,69,2,0
39767.0,485,75,0,1
26997.0,434,75,0,1
33986.0,44,56,1,2
57091.0,496,54,1,2
46831.0,78,57,2,0
83151.0,2346,54,0,3
52531.0,794,55,0,1
15759.0,17,70,0,2
22804.0,26,55,1,2
43050.0,76,53,1,2
42997.0,15,49,2,0
48918.0,62,63,2,0
60033.0,198,72,1,1
34043.0,49,48,1,2
57811.0,802,60,1,1
78569.0,1736,80,0,1
7500.0,57,48,2,2
157733.0,59,55,1,3
94384.0,2302,73,0,3
23148.0,37,41,0,2
44267.0,310,56,2,0
71626.0,1305,47,0,3
60894.0,832,60,1,1
50200.0,401,50,2,0
81051.0,1501,61,0,3
65169.0,1189,44,0,3
59868.0,1194,54,1,3
65695.0,656,66,1,1
64857.0,1540,70,0,3
45143.0,311,61,1,2
74805.0,820,71,1,1
59060.0,274,37,1,2
27238.0,57,64,2,0
47009.0,448,61,1,1
46094.0,44,53,2,0
40321.0,102,54,2,0
37235.0,61,42,1,2
81843.0,1643,66,0,3
46692.0,397,68,1,1
77382.0,1121,58,1,3
37774.0,473,49,2,0
18393.0,50,52,1,2
72828.0,1678,64,1,3
24711.0,58,44,0,2
45503.0,170,51,1,2
6560.0,373,44,0,2
71604.0,1196,81,0,1
27244.0,101,47,1,2
48752.0,316,57,2,0
71434.0,1400,64,1,1
90842.0,1424,78,0,1
88097.0,844,48,1,3
51948.0,311,51,1,2
71853.0,1149,44,0,3
35876.0,129,43,0,2
40049.0,32,74,1,1
39660.0,299,44,1,2
50127.0,320,64,1,1
43263.0,441,49,1,2
62845.0,1178,77,2,1
18929.0,85,36,0,2
24367.0,24,44,1,2
33249.0,112,51,1,2
26887.0,30,67,1,2
50150.0,410,43,0,2
62061.0,800,50,1,1
85696.0,1313,64,0,3
76542.0,1483,70,0,3
70515.0,1258,33,0,3
18227.0,28,39,1,2
69139.0,227,61,1,1
69109.0,1555,44,0,3
69627.0,861,64,1,1
38136.0,103,48,1,2
62159.0,634,80,0,1
80695.0,1918,63,0,3
33316.0,131,55,2,0
58554.0,586,58,2,0
17256.0,62,34,1,2
53034.0,447,52,2,0
52203.0,939,76,0,1
59601.0,797,49,1,2
75154.0,1143,68,1,1
47025.0,415,50,1,2
37971.0,30,53,1,2
41335.0,187,58,1,2
67267.0,251,68,1,1
57338.0,237,51,1,2
50523.0,91,66,2,0
35791.0,35,61,3,0
50611.0,493,66,1,1
56242.0,971,57,1,1
48904.0,371,66,1,1
56243.0,396,51,3,0
21355.0,68,41,1,2
57420.0,322,55,1,2
51381.5,317,56,1,2
46390.0,222,71,1,1
54342.0,177,70,2,0
51381.5,45,68,2,0
51381.5,21,62,2,0
20895.0,45,53,1,2
92344.0,1899,78,0,3
51381.5,42,54,1,2
26907.0,22,50,2,0
44964.0,41,46,2,0
75507.0,1440,47,0,3
53761.0,325,54,2,0
22682.0,95,53,1,2
38887.0,42,54,1,2
41658.0,72,51,2,0
29791.0,20,54,1,2
63915.0,789,70,2,0
39996.0,15,52,2,0
26759.0,59,54,1,2
63841.0,908,58,1,1
51039.0,417,57,2,0
60544.0,289,65,2,0
65685.0,769,54,1,1
37716.0,188,73,1,1
36864.0,354,69,1,1
44511.0,727,56,1,2
36947.0,146,59,2,0
47352.0,319,75,1,1
67087.0,794,73,1,1
57045.0,454,76,1,1
36957.0,152,73,2,0
69389.0,797,49,1,3
80134.0,1690,54,1,3
43142.0,20,57,2,0
80589.0,1428,82,0,1
34412.0,209,36,1,2
57537.0,545,47,1,2
22634.0,96,60,0,2
51315.0,222,78,0,1
36026.0,61,54,3,0
24639.0,44,53,2,0
34578.0,8,54,3,0
65704.0,817,54,0,3
63810.0,1371,60,1,1
54132.0,42,57,1,2
18690.0,60,67,0,2
28164.0,78,56,1,2
34596.0,23,52,1,2
43269.0,19,54,1,2
38741.0,61,68,2,0
31907.0,449,54,0,2
27100.0,37,43,1,2
31163.0,38,53,1,2
92533.0,1131,41,0,3
34853.0,34,53,2,0
70844.0,294,59,2,0
31086.0,48,47,2,0
60544.0,289,65,2,0
20491.0,30,40,0,2
42523.0,125,62,0,2
39922.0,156,43,1,2
33402.0,70,74,2,0
36408.0,22,77,2,0
21645.0,65,47,1,2
78427.0,1930,78,0,3
82657.0,2283,80,0,3
51876.0,310,68,0,1
78041.0,1319,55,0,3
52852.0,879,69,1,1
70038.0,1244,44,0,3
69401.0,690,53,1,1
46053.0,209,54,1,2
77343.0,1134,61,0,3
73892.0,1507,73,0,1
40304.0,57,59,1,2
32727.0,529,61,0,2
68695.0,1091,57,0,3
43300.0,180,55,1,2
26290.0,77,54,2,0
93790.0,2349,56,0,3
38410.0,534,52,0,2
64866.0,556,76,1,1
57957.0,637,67,1,1
46015.0,46,71,2,0
16531.0,44,48,1,2
28072.0,47,40,1,2
49476.0,795,63,1,1
50725.0,586,73,1,1
83844.0,1574,74,0,3
41145.0,13,76,2,0
67419.0,1471,56,1,3
23162.0,65,56,2,0
34380.0,175,49,1,2
34704.0,40,60,1,2
94871.0,1078,57,2,1
65148.0,1115,68,1,1
39898.0,134,72,1,1
64857.0,1540,70,0,3
59892.0,87,56,1,2
41020.0,217,39,0,2
57072.0,1034,65,1,1
60474.0,1180,47,1,3
62807.0,819,66,1,1
19414.0,32,45,1,2
19107.0,46,46,1,2
75484.0,1159,50,1,3
70379.0,860,50,1,3
79419.0,1631,56,0,3
64014.0,444,80,3,0
76998.0,1910,71,1,3
49854.0,380,54,1,2
60585.0,736,55,2,0
42873.0,269,76,2,0
87679.0,2524,38,0,3
57867.0,612,48,1,2
35765.0,75,36,1,2
65492.0,1045,67,0,1
32952.0,55,49,1,2
53374.0,1064,57,1,1
71706.0,1443,67,1,1
68487.0,1366,38,0,3
53253.0,436,51,2,0
31163.0,38,53,1,2
42014.0,436,49,1,2
54108.0,747,53,2,0
49667.0,1396,71,0,1
63206.0,928,52,0,3
57136.0,642,54,2,0
46772.0,1048,51,1,2
78931.0,943,55,0,3
53977.0,907,68,1,1
84219.0,1198,38,0,3
46098.0,120,51,2,0
73538.0,1658,61,1,3
79529.0,1638,40,0,3
20981.0,73,49,0,2
51766.0,275,46,1,2
55759.0,854,64,1,1
33039.0,78,48,1,2
37787.0,106,54,1,2
27242.0,106,56,1,2
87188.0,1923,43,0,3
69930.0,1662,55,0,3
37697.0,84,50,1,2
37401.0,48,53,1,2
3502.0,5,53,1,2
58597.0,733,50,2,0
82032.0,1234,78,0,1
28087.0,112,68,2,0
74004.0,1658,39,0,3
19740.0,55,66,1,2
57036.0,1513,51,1,3
53083.0,271,68,2,0
69283.0,904,51,1,3
46098.0,120,51,2,0
23331.0,103,38,1,2
23331.0,269,38,1,2
9255.0,22,37,1,2
67786.0,1156,67,0,1
71969.0,1086,55,1,3
59235.0,1128,59,1,1
31928.0,72,37,1,2
74881.0,964,65,2,1
65819.0,1383,48,0,3
51411.0,18,73,3,0
51983.0,793,62,1,1
42386.0,100,40,1,2
30390.0,80,39,0,2
30983.0,167,63,0,2
66033.0,677,69,1,1
37284.0,23,51,2,0
57530.0,92,75,1,1
76800.0,641,61,0,1
63943.0,1106,70,1,1
76081.0,1033,64,0,3
67445.0,1174,52,1,3
37054.0,25,59,2,0
47175.0,240,64,2,0
31859.0,20,50,1,2
27215.0,102,65,3,0
70179.0,1034,50,1,3
39922.0,156,43,1,2
49681.0,458,50,2,0
24645.0,17,38,1,2
79865.0,792,72,1,1
44322.0,92,41,1,2
47958.0,407,74,1,1
63972.0,1269,62,1,1
75315.0,841,72,1,1
55517.0,633,76,2,0
75283.0,1019,69,3,0
82800.0,1315,80,0,1
38998.0,54,72,2,0
90638.0,2525,35,0,3
27161.0,52,40,1,2
42014.0,436,49,1,2
38201.0,268,66,1,1
45203.0,147,44,2,0
81574.0,1798,79,0,3
34935.0,137,34,0,2
60482.0,507,50,1,2
34633.0,15,70,3,0
78093.0,1105,79,0,1
82460.0,974,76,0,1
45903.0,66,60,1,2
81361.0,778,39,0,3
35860.0,49,53,2,0
40442.0,169,74,2,0
61482.0,299,61,0,1
34968.0,221,46,1,2
75794.0,1682,39,0,3
31497.0,155,64,1,2
74268.0,892,71,0,1
13724.0,58,38,1,2
45143.0,311,61,1,2
52569.0,95,59,1,2
48432.0,424,53,1,2
17144.0,47,66,2,0
36108.0,339,42,1,2
76445.0,1410,55,1,3
36663.0,35,51,1,2
53843.0,562,61,1,1
90226.0,2352,70,0,3
70638.0,1334,71,0,1
44512.0,32,66,2,0
27116.0,41,65,2,0
54072.0,39,63,2,0
71855.0,1141,49,1,3
51250.0,710,36,1,2
60432.0,401,53,1,2
65526.0,506,62,1,1
68655.0,1538,38,0,3
12393.0,57,48,0,2
64509.0,1722,36,0,3
33955.0,270,51,1,2
31353.0,31,49,2,0
55434.0,882,42,1,2
28359.0,16,43,1,2
57100.0,311,39,1,2
69139.0,227,61,1,1
52973.0,1152,70,1,1
51717.0,122,61,1,1
18793.0,77,55,1,2
66664.0,1289,44,0,3
50664.0,561,67,2,0
54414.0,211,63,2,0
54549.0,233,74,1,1
47111.0,1092,55,1,1
41003.0,601,63,0,1
19444.0,54,44,1,2
36301.0,78,50,1,2
73059.0,1095,79,1,1
42731.0,244,57,1,2
52854.0,116,67,2,0
22775.0,15,48,1,2
46681.0,425,78,2,0
59821.0,734,71,1,1
50002.0,638,72,1,1
69755.0,894,81,0,1
44078.0,41,57,2,0
30560.0,31,50,1,2
35924.0,34,57,2,0
64140.0,1750,62,2,1
56386.0,612,45,2,0
24594.0,29,47,1,2
75774.0,823,45,1,3
39228.0,20,66,0,2
58494.0,396,52,1,2
58684.0,813,45,0,3
57136.0,1179,59,0,3
56551.0,138,76,2,0
22448.0,55,44,1,2
82014.0,1511,65,0,3
34213.0,117,63,2,0
157146.0,1730,49,0,3
25358.0,32,79,1,1
35544.0,67,48,1,2
36634.0,335,72,1,1
62670.0,825,72,1,1
50334.0,694,54,1,2
72066.0,1792,45,0,3
50729.0,496,68,2,0
34916.0,231,58,2,0
64892.0,902,50,1,3
43602.0,68,60,2,0
33996.0,71,37,0,2
41473.0,76,41,1,2
63246.0,772,59,2,0
36732.0,47,67,2,0
69084.0,1586,56,1,3
77766.0,1529,59,1,3
37929.0,265,41,0,2
86610.0,1603,75,0,3
80141.0,2091,40,0,3
72635.0,981,71,0,1
69016.0,1533,56,1,3
20193.0,82,35,0,2
27573.0,244,51,1,2
15862.0,36,47,1,2
49544.0,404,50,1,2
33228.0,71,46,1,2
70440.0,1572,48,0,3
38232.0,122,55,2,0
22554.0,41,71,2,0
23536.0,10,43,1,2
49413.0,304,74,1,1
42231.0,37,57,2,0
78789.0,1754,46,0,3
56534.0,815,58,1,1
58350.0,1001,55,1,1
81217.0,1157,37,0,3
49090.0,688,75,1,1
61787.0,1319,39,0,3
18169.0,21,41,1,2
24336.0,31,45,1,2
18222.0,67,36,0,2
62335.0,708,74,1,1
42033.0,25,55,2,0
86580.0,746,43,0,3
41437.0,32,69,2,0
73705.0,1695,75,2,1
61064.0,1080,50,1,3
38452.0,72,71,2,0
18358.0,57,37,1,2
55012.0,660,53,1,1
9722.0,103,53,1,2
38175.0,153,42,1,2
58656.0,1220,70,1,1
52117.0,279,61,1,1
64813.0,745,48,1,3
54222.0,264,53,1,2
83512.0,2157,40,0,3
77520.0,1526,67,1,1
41154.0,69,48,1,2
80398.0,1597,60,0,3
18746.0,64,34,1,2
35196.0,497,42,1,2
60230.0,1067,70,1,1
22108.0,31,49,2,0
44392.0,211,52,2,0
55424.0,877,50,1,2
17688.0,11,47,1,2
92491.0,2034,43,0,3
90273.0,1991,35,0,3
82571.0,1686,64,0,3
38513.0,324,44,1,2
16653.0,69,47,1,2
42586.0,252,71,2,0
23529.0,54,61,1,2
74881.0,964,65,2,1
71107.0,1327,75,1,1
46910.0,68,62,2,0
18690.0,60,67,0,2
37244.0,55,71,2,0
82427.0,1456,60,0,3
75342.0,563,68,1,1
70044.0,1504,72,1,1
79146.0,564,59,2,0
77437.0,1125,63,0,3
54984.0,358,67,1,1
42403.0,42,55,1,2
55761.0,184,62,1,1
37292.0,460,43,1,2
45576.0,145,81,0,1
70321.0,1376,79,0,1
58086.0,792,57,1,1
81795.0,1382,74,0,1
28389.0,28,79,0,1
66835.0,1033,80,0,1
69901.0,882,57,1,1
80360.0,2231,77,0,3
63342.0,1101,65,1,1
44989.0,369,52,1,2
31859.0,48,46,1,2
51569.0,467,77,1,1
30372.0,44,55,2,0
16014.0,38,47,2,2
41120.0,81,58,2,0
39763.0,167,55,1,2
38725.0,45,71,2,0
77981.0,664,54,1,1
62905.0,622,62,1,1
13533.0,48,47,1,2
59481.0,461,51,1,2
72117.0,1073,49,1,3
21955.0,55,40,1,2
67131.0,976,70,1,1
36802.0,20,46,1,2
71853.0,1149,44,0,3
28249.0,43,65,0,2
47808.0,224,51,1,2
25509.0,101,52,1,2
51012.0,209,80,0,1
70596.0,968,41,0,3
85431.0,1165,74,0,1
42664.0,24,59,1,2
42586.0,252,71,2,0
29760.0,165,41,1,2
28973.0,269,49,0,2
39435.0,102,53,1,2
65370.0,461,42,0,3
20194.0,47,47,1,2
42473.0,144,50,2,0
64590.0,1338,58,0,3
71232.0,917,67,1,1
34600.0,318,55,2,0
46904.0,253,59,2,0
49094.0,502,53,1,2
36075.0,119,43,1,2
60839.0,1250,47,2,0
77298.0,969,47,1,3
34026.0,76,76,2,0
48918.0,62,63,2,0
82122.0,1382,64,0,3
37697.0,84,50,1,2
34074.0,255,74,2,0
28520.0,43,66,2,0
62535.0,398,71,1,1
36273.0,76,49,1,2
63404.0,902,62,2,0
75774.0,823,45,1,3
78416.0,1179,50,1,3
75702.0,1921,52,1,3
59385.0,185,75,2,0
37070.0,433,60,2,0
44689.0,34,75,2,0
53977.0,907,68,1,1
7144.0,416,60,2,0
18701.0,44,62,2,0
90369.0,1588,70,0,3
63159.0,1797,52,0,3
37758.0,40,60,2,0
46757.0,1143,63,1,1
79734.0,914,57,0,3
63207.0,1502,34,0,3
72071.0,1338,72,1,1
21840.0,27,43,1,2
58582.0,763,44,1,2
72282.0,1331,75,0,1
50387.0,525,70,2,0
32583.0,9,65,2,0
62568.0,953,64,1,1
44635.0,68,55,2,0
33316.0,131,55,2,0
63967.0,882,58,1,1
52513.0,1149,48,0,3
25293.0,37,57,1,2
54111.0,388,61,1,1
78394.0,1428,40,0,3
80739.0,1633,68,0,3
22669.0,173,51,1,2
29236.0,99,39,1,2
44911.0,215,67,1,1
54693.0,929,64,1,1
48186.0,219,52,1,2
54809.0,174,49,2,0
41580.0,92,48,2,0
80336.0,1052,56,0,3
47743.0,275,69,1,1
62972.0,587,71,1,1
57333.0,1662,72,1,1
32313.0,159,44,1,2
84953.0,1024,73,0,1
27071.0,35,58,1,2
68148.0,1042,69,0,1
65735.0,395,61,2,0
86836.0,557,51,0,3
4023.0,9,63,2,0
30093.0,69,36,0,2
57705.0,486,60,1,1
25008.0,34,38,1,2
83257.0,1365,31,0,3
22280.0,13,51,1,2
72159.0,1401,48,0,3
64260.0,1574,65,0,3
82733.0,1323,42,0,3
74290.0,1217,55,1,3
58217.0,103,75,3,0
21024.0,84,50,0,2
70116.0,1536,54,0,3
54006.0,581,41,1,2
69063.0,928,60,1,1
11448.0,14,51,0,2
61825.0,424,47,1,2
70886.0,960,55,1,1
69109.0,1555,44,0,3
60208.0,656,53,2,0
32889.0,55,58,2,0
34738.0,20,42,1,2
30538.0,367,55,1,2
82326.0,2257,49,0,3
26642.0,42,59,1,2
69932.0,1049,62,1,1
44503.0,48,54,2,0
60200.0,685,78,1,1
49638.0,39,74,1,1
23830.0,43,39,0,2
33051.0,835,67,0,1
72905.0,1515,68,0,3
69702.0,1039,75,1,1
70300.0,1596,51,1,3
70643.0,1828,42,0,3
30396.0,34,57,1,2
50616.0,149,58,1,2
62772.0,946,57,1,1
30298.0,28,41,0,2
52413.0,450,42,1,2
44155.0,46,69,2,0
86979.0,1702,55,0,3
76532.0,820,51,2,0
42081.0,382,44,1,2
67546.0,2126,38,0,3
88420.0,2069,37,0,3
31158.0,72,41,1,2
61671.0,732,58,1,1
69719.0,801,52,0,3
49160.0,236,77,1,1
24882.0,80,48,1,2
90933.0,1685,72,0,3
113734.0,277,81,0,1
59292.0,507,76,1,1
45759.0,68,62,2,0
22148.0,49,43,0,2
73395.0,397,39,0,3
29819.0,39,55,1,2
45688.0,306,58,1,2
62820.0,976,72,0,1
60491.0,1028,55,1,1
33235.0,70,40,1,2
35701.0,46,67,0,2
31535.0,51,46,1,2
92556.0,1263,66,0,3
67384.0,1490,56,1,3
80573.0,1564,55,0,3
77870.0,1815,59,1,3
52278.0,1198,63,1,1
57107.0,416,58,1,1
18929.0,85,36,0,2
36038.0,47,45,1,2
20180.0,137,50,0,2
34230.0,21,61,2,0
31878.0,70,49,1,2
70932.0,909,54,1,3
91249.0,1676,70,0,3
77598.0,1735,83,0,1
80982.0,1191,67,2,1
22701.0,24,49,1,2
55212.0,1182,57,1,1
70617.0,1280,56,0,3
64849.0,1336,69,0,1
62694.0,749,61,2,0
61917.0,91,52,2,0
67472.0,414,79,1,1
21059.0,44,44,1,2
29543.0,63,58,2,0
75903.0,901,75,1,1
34984.0,38,51,2,0
54998.0,455,70,1,1
54356.0,775,77,1,1
34242.0,15,67,1,2
25410.0,38,53,1,2
73356.0,1512,42,0,3
28320.0,43,76,1,1
23763.0,42,49,1,2
72570.0,1089,42,0,3
34529.0,162,50,1,2
70792.0,1272,75,0,1
63211.0,1173,44,0,3
83891.0,816,52,1,3
36065.0,74,58,2,0
39898.0,134,72,1,1
51141.0,157,86,0,1
56939.0,561,50,1,2
80872.0,1336,75,0,1
72335.0,2092,50,0,3
61798.0,463,62,0,1
76842.0,1130,76,0,1
29478.0,20,50,1,2
46998.0,377,70,1,1
96843.0,1544,36,0,3
56551.0,138,76,2,0
70053.0,1012,61,1,1
71670.0,1766,64,0,3
44359.0,45,48,2,0
40887.0,161,74,2,0
48877.0,144,60,1,2
74485.0,1734,79,0,1
64474.0,823,54,1,1
77226.0,1138,63,1,1
72643.0,1429,77,0,1
85738.0,1371,48,0,3
55686.0,982,60,1,1
39062.0,44,43,1,2
34600.0,318,55,2,0
40794.0,434,51,1,2
54690.0,198,55,2,0
4428.0,359,57,1,2
32632.0,576,63,0,1
38236.0,88,58,2,0
36781.0,63,47,1,2
31385.0,27,42,1,2
24570.0,193,42,1,2
25509.0,101,52,1,2
94642.0,2211,75,0,3
58646.0,140,64,1,1
53201.0,415,51,2,0
21994.0,22,69,1,2
57113.0,263,48,2,0
51373.0,393,35,0,2
23477.0,147,40,1,2
58116.0,443,70,1,1
72968.0,1958,63,0,3
39791.0,174,55,1,2
91712.0,2217,79,0,3
94472.0,1691,68,1,3
13672.0,25,66,2,0
96547.0,809,46,0,3
79205.0,895,51,0,3
56559.0,484,51,1,2
32644.0,413,53,1,2
67506.0,331,46,1,2
24206.0,25,56,1,2
28420.0,13,59,1,2
22979.0,115,56,1,2
33279.0,16,60,0,2
46423.0,92,54,2,0
30368.0,52,49,1,2
63684.0,1464,56,1,3
41638.0,441,62,1,1
68805.0,283,67,1,1
65814.0,747,60,1,1
71964.0,1870,68,0,3
39146.0,165,40,1,2
96876.0,1941,49,0,3
34445.0,839,45,0,2
68281.0,1655,68,0,3
37284.0,23,51,2,0
36790.0,66,43,0,2
27943.0,37,59,2,0
22263.0,21,75,2,0
30261.0,22,54,3,0
28587.0,78,48,1,2
43815.0,79,44,1,2
48195.0,265,70,2,0
77027.0,1175,74,1,1
71322.0,1305,61,1,1
32765.0,46,47,1,2
29672.0,25,61,2,0
23272.0,46,73,0,2
49912.0,874,77,1,1
7500.0,100,41,1,2
68117.0,930,79,1,1
67225.0,868,71,1,1
17649.0,45,50,1,2
55914.0,1260,51,1,3
40059.0,414,42,1,2
60905.0,392,76,1,1
75330.0,1109,49,2,0
60689.0,639,75,1,1
38680.0,79,42,1,2
61416.0,1665,44,0,3
49767.0,692,35,0,2
83273.0,1392,56,3,0
29009.0,44,45,1,2
45057.0,50,47,1,2
37150.0,467,55,1,2
43020.0,223,56,1,2
53154.0,158,67,1,1
65308.0,1211,53,0,3
76467.0,1575,56,1,3
81044.0,1208,79,0,1
32871.0,43,75,2,0
55801.0,527,51,2,0
76320.0,932,67,1,1
36927.0,71,71,2,0
48794.0,54,73,2,0
23478.0,129,61,0,2
71128.0,1615,53,1,3
70179.0,1034,50,1,3
59462.0,1088,76,1,1
51381.5,721,57,2,0
38361.0,137,57,1,2
51381.5,47,45,1,2
70038.0,1244,44,0,3
42554.0,41,48,2,0
67445.0,1174,52,1,3
67046.0,993,75,1,1
42192.0,100,78,0,1
77610.0,1680,74,1,1
31761.0,98,42,1,2
34350.0,48,47,1,2
54591.0,519,77,1,1
71866.0,715,70,1,1
25293.0,37,57,1,2
42000.0,653,39,0,2
69520.0,1455,43,0,3
64713.0,602,56,1,1
27889.0,26,49,1,2
22123.0,102,66,0,2
51381.5,97,55,2,0
51381.5,207,72,1,1
27803.0,176,53,1,2
51381.5,450,71,1,1
51651.0,433,66,1,1
68487.0,1366,38,0,3
51381.5,1564,83,0,1
56796.0,1001,57,1,1
87000.0,961,34,0,3
79823.0,1518,67,1,1
30828.0,56,46,1,2
34109.0,22,55,1,2
53367.0,400,52,2,0
22390.0,26,57,0,2
71322.0,350,50,1,1
79244.0,1216,33,0,3
49912.0,874,77,1,1
48699.0,40,76,2,0
80144.0,1367,51,0,3
54252.0,264,70,2,0
81929.0,2053,50,1,3
76068.0,1376,51,1,3
53204.0,45,50,2,0
67911.0,976,77,1,1
14796.0,51,42,1,2
78128.0,1264,52,1,3
14188.0,75,54,0,2
20425.0,57,40,1,2
58646.0,140,64,1,1
72967.0,497,56,1,1
48150.0,266,77,1,1
82332.0,2006,65,0,3
58275.0,615,71,2,0
44953.0,1021,45,0,3
34587.0,22,73,2,0
43018.0,133,52,1,2
45736.0,437,72,1,1
66476.0,1013,57,1,1
27733.0,57,45,1,2
69805.0,1038,74,1,1
72217.0,1573,64,0,3
25818.0,28,55,1,2
37509.0,123,50,1,2
25176.0,13,50,2,0
43586.0,132,46,1,2
53230.0,732,70,1,1
50116.0,66,69,2,0
84906.0,1631,54,0,3
61286.0,608,60,1,1
82333.0,1822,40,0,3
65220.0,1282,61,0,3
33590.0,8,52,3,0
30992.0,43,50,1,2
72309.0,1931,50,0,3
156924.0,8,77,0,1
16005.0,103,46,1,2
65487.0,1169,69,0,1
58692.0,395,61,1,1
40590.0,258,57,2,0
20587.0,25,56,1,2
62637.0,185,72,1,1
29435.0,180,60,2,0
19346.0,22,52,1,2
35788.0,44,55,2,0
36997.0,94,58,2,0
23539.0,81,69,0,2
65333.0,798,53,1,1
78499.0,1334,69,0,3
29732.0,38,55,1,2
41275.0,61,66,3,0
63516.0,300,53,2,0
42769.0,88,64,1,2
49572.0,54,68,2,0
69209.0,1782,54,0,3
17148.0,68,50,1,2
40590.0,258,57,2,0
30560.0,31,50,1,2
32146.0,66,43,1,2
41713.0,174,62,2,0
34176.0,28,51,1,2
58482.0,731,71,1,1
59686.0,274,61,1,1
60896.0,1701,62,1,3
62994.0,312,46,1,2
47320.0,414,69,1,1
74859.0,1565,77,0,1
15253.0,29,34,1,2
31560.0,94,52,1,2
72071.0,1338,72,1,1
91172.0,1092,36,0,3
90000.0,1479,42,0,3
41967.0,54,45,2,0
69263.0,568,61,1,1
65706.0,1199,56,0,3
60934.0,873,51,1,1
71965.0,1213,75,1,1
65210.0,731,71,1,1
79174.0,2043,51,0,3
81380.0,1893,59,0,3
48432.0,424,53,1,2
52914.0,575,55,1,1
38946.0,257,71,1,1
26067.0,56,52,1,2
44325.0,542,54,1,2
42523.0,125,62,0,2
26487.0,69,48,1,2
53233.0,40,69,1,1
67716.0,1016,66,1,1
76234.0,907,54,1,3
84117.0,1566,70,0,3
65487.0,1169,69,0,1
25224.0,46,54,1,2
89616.0,1644,43,0,3
40851.0,59,55,2,0
27469.0,17,79,0,1
82347.0,1853,69,0,3
73803.0,1528,69,1,1
8820.0,35,74,2,0
43322.0,141,52,0,2
55593.0,546,53,1,2
50501.0,500,72,2,0
37085.0,61,51,2,0
16185.0,106,36,1,2
57731.0,704,57,1,1
48432.0,424,53,1,2
73807.0,849,48,1,3
18929.0,85,36,0,2
35893.0,199,58,2,0
61014.0,1147,46,1,3
32144.0,54,72,2,0
14918.0,43,63,1,2
45146.0,53,63,2,0
41769.0,521,71,1,1
88325.0,1623,45,0,3
38054.0,45,76,2,0
80617.0,1435,31,0,3
5305.0,32,50,1,2
36807.0,16,72,2,0
28427.0,52,43,1,2
82032.0,1234,78,0,1
22775.0,15,48,1,2
40101.0,415,41,1,2
58025.0,470,47,1,2
75777.0,1438,44,0,3
7500.0,53,47,1,2
33562.0,51,63,3,0
57642.0,679,56,1,1
58554.0,586,58,2,0
63777.0,653,47,2,0
57967.0,468,64,1,1
51381.5,1679,48,0,3
24434.0,50,54,2,0
11012.0,84,42,1,2
44802.0,1049,56,0,1
26816.0,22,40,0,2
34421.0,30,52,1,2
61223.0,1341,59,1,1
64014.0,444,80,3,0
56981.0,1241,45,0,3
69245.0,843,70,1,1
52869.0,172,72,2,0
